{
  "compounds": [
    "ADT1",
    "ADT2",
    "ADT3",
    "ADT4",
    "ADT5",
    "ADT6",
    "ADT7",
    "ADT8",
    "ADT9",
    "ADT10",
    "ADT11",
    "ADT12",
    "ADT13",
    "ADT14",
    "ADT15",
    "ADT16",
    "ADT17",
    "ADT18",
    "ADT19",
    "ADT20",
    "ADT21",
    "ADT22",
    "ADT23",
    "ADT24",
    "ADT25"
  ],
  "methods": [
    "Britton ",
    "Maity Stahl (2AP)",
    "Maity Stahl (4AP)",
    "Golden Stahl",
    "DeLuca",
    "Newkome",
    "Li Xu",
    "Schreiner"
  ],
  "yields": {
    "ADT1": {
      "Britton ": 20.615154754738416,
      "Maity Stahl (2AP)": 1.8002407076145033,
      "Maity Stahl (4AP)": 26.91654211984033,
      "Golden Stahl": 9.264748456510707,
      "DeLuca": 0.9775561487885576,
      "Newkome": 0.9395775785238859,
      "Li Xu": 2.711944699157015,
      "Schreiner": 0.5710184616510535
    },
    "ADT2": {
      "Britton ": 23.01525256432902,
      "Maity Stahl (2AP)": 1.422138634841453,
      "Maity Stahl (4AP)": 31.109813646620054,
      "Golden Stahl": 5.548013693117429,
      "DeLuca": 8.991435352565532,
      "Newkome": 1.5537245590917528,
      "Li Xu": 2.4033150508615977,
      "Schreiner": 2.3080310386016616
    },
    "ADT3": {
      "Britton ": 24.80100617144716,
      "Maity Stahl (2AP)": 4.9240106761181766,
      "Maity Stahl (4AP)": 30.250696647675667,
      "Golden Stahl": 6.665014767806045,
      "DeLuca": 14.00631663318973,
      "Newkome": 4.089579081454079,
      "Li Xu": 2.409219334580617,
      "Schreiner": 1.9819269112985765
    },
    "ADT4": {
      "Britton ": 35.22242544184501,
      "Maity Stahl (2AP)": 3.0524757015159145,
      "Maity Stahl (4AP)": 27.992782493336726,
      "Golden Stahl": 30.245142845629687,
      "DeLuca": 22.277007339462116,
      "Newkome": 8.659178590860927,
      "Li Xu": 3.848402806650624,
      "Schreiner": 2.803690765081133
    },
    "ADT5": {
      "Britton ": 71.6035121509006,
      "Maity Stahl (2AP)": 0.4689284454799308,
      "Maity Stahl (4AP)": 21.156726587141893,
      "Golden Stahl": 14.77610491756657,
      "DeLuca": 11.98584536426683,
      "Newkome": 12.96484357745975,
      "Li Xu": 2.0176080685241375,
      "Schreiner": 1.1565459312543542
    },
    "ADT6": {
      "Britton ": 100.0,
      "Maity Stahl (2AP)": 92.68270386919697,
      "Maity Stahl (4AP)": 70.26715570840679,
      "Golden Stahl": 100.0,
      "DeLuca": 94.13036373909675,
      "Newkome": 89.98645392746624,
      "Li Xu": 46.91408264330262,
      "Schreiner": 76.52773890650485
    },
    "ADT7": {
      "Britton ": 93.78486412145878,
      "Maity Stahl (2AP)": 57.79119368891783,
      "Maity Stahl (4AP)": 43.50884391422596,
      "Golden Stahl": 98.16434965332246,
      "DeLuca": 84.1999153998091,
      "Newkome": 79.01498664664902,
      "Li Xu": 37.07831235796884,
      "Schreiner": 74.78186209949396
    },
    "ADT8": {
      "Britton ": 84.39818893625277,
      "Maity Stahl (2AP)": 36.13016189884466,
      "Maity Stahl (4AP)": 24.122485362288685,
      "Golden Stahl": 54.468029993398424,
      "DeLuca": 21.972290280700868,
      "Newkome": 4.3637930992135345,
      "Li Xu": 25.600840680408492,
      "Schreiner": 59.618566086839685
    },
    "ADT9": {
      "Britton ": 96.927731200413,
      "Maity Stahl (2AP)": 41.20855866053641,
      "Maity Stahl (4AP)": 34.49584509386745,
      "Golden Stahl": 98.32327166441347,
      "DeLuca": 84.56655460624013,
      "Newkome": 32.89580739796037,
      "Li Xu": 24.766592659409238,
      "Schreiner": 88.10240057514956
    },
    "ADT10": {
      "Britton ": 28.749670783909174,
      "Maity Stahl (2AP)": 1.987210239585921,
      "Maity Stahl (4AP)": 31.750190119531972,
      "Golden Stahl": 12.79494006278454,
      "DeLuca": 0.5344525168940023,
      "Newkome": 10.677774923192148,
      "Li Xu": 0.23888160213948417,
      "Schreiner": 2.1555512742139595
    },
    "ADT11": {
      "Britton ": 27.710624868026322,
      "Maity Stahl (2AP)": 1.7376271499149272,
      "Maity Stahl (4AP)": 30.003521584463456,
      "Golden Stahl": 37.09295434176583,
      "DeLuca": 0.023921594572182906,
      "Newkome": 20.833749733973043,
      "Li Xu": 2.6075432124458375,
      "Schreiner": 7.4109324428745404
    },
    "ADT12": {
      "Britton ": 97.75813570974113,
      "Maity Stahl (2AP)": 27.87797130394731,
      "Maity Stahl (4AP)": 52.891626071856344,
      "Golden Stahl": 32.931933959966244,
      "DeLuca": 42.33326594178822,
      "Newkome": 29.061431434381618,
      "Li Xu": 22.273610274085303,
      "Schreiner": 78.75657418289823
    },
    "ADT13": {
      "Britton ": 96.58762763745628,
      "Maity Stahl (2AP)": 31.356176303690788,
      "Maity Stahl (4AP)": 54.04835295827433,
      "Golden Stahl": 95.83475452891305,
      "DeLuca": 36.329367428518964,
      "Newkome": 17.347477934346223,
      "Li Xu": 38.89323736385926,
      "Schreiner": 68.91662510004706
    },
    "ADT14": {
      "Britton ": 83.49790162511597,
      "Maity Stahl (2AP)": 15.641659582936745,
      "Maity Stahl (4AP)": 13.509562796301692,
      "Golden Stahl": 27.572499288582197,
      "DeLuca": 17.870875390085853,
      "Newkome": 1.6038474008376078,
      "Li Xu": 10.908106905931307,
      "Schreiner": 42.26170349714604
    },
    "ADT15": {
      "Britton ": 35.181746524714356,
      "Maity Stahl (2AP)": 0.5402634211543486,
      "Maity Stahl (4AP)": 6.917663536443388,
      "Golden Stahl": 19.405322526217955,
      "DeLuca": 8.090368753902089,
      "Newkome": 1.7482801416487121,
      "Li Xu": 8.076004251985262,
      "Schreiner": 3.5451187567236713
    },
    "ADT16": {
      "Britton ": 28.95286499539332,
      "Maity Stahl (2AP)": 15.200614592623548,
      "Maity Stahl (4AP)": 14.796204168306865,
      "Golden Stahl": 14.029713162322821,
      "DeLuca": 11.204892339641976,
      "Newkome": 46.32097416116304,
      "Li Xu": 8.635701810910533,
      "Schreiner": 30.248322131030758
    },
    "ADT17": {
      "Britton ": 24.795654923739395,
      "Maity Stahl (2AP)": 5.514543508759309,
      "Maity Stahl (4AP)": 0.8472268674018598,
      "Golden Stahl": 3.868777330540648,
      "DeLuca": 16.389175398037565,
      "Newkome": 16.502334438292095,
      "Li Xu": 0.5933740944937683,
      "Schreiner": 5.626220558293164
    },
    "ADT18": {
      "Britton ": 65.57839961968199,
      "Maity Stahl (2AP)": 12.013164674682155,
      "Maity Stahl (4AP)": 26.49947880566336,
      "Golden Stahl": 14.358625885871612,
      "DeLuca": 19.610733620552722,
      "Newkome": 28.751985887115328,
      "Li Xu": 31.538535992216065,
      "Schreiner": 18.675017533379247
    },
    "ADT19": {
      "Britton ": 26.235769162576023,
      "Maity Stahl (2AP)": 1.5982194456246792,
      "Maity Stahl (4AP)": 0.9105533156195121,
      "Golden Stahl": 37.93329938406955,
      "DeLuca": 0.10768935043003755,
      "Newkome": 3.993030181400434,
      "Li Xu": 4.397527930548908,
      "Schreiner": 0.8262509000958997
    },
    "ADT20": {
      "Britton ": 53.53624491982325,
      "Maity Stahl (2AP)": 37.4184397746207,
      "Maity Stahl (4AP)": 3.923726286063024,
      "Golden Stahl": 100.0,
      "DeLuca": 83.58968062892771,
      "Newkome": 3.5631483826620696,
      "Li Xu": 5.661337265117454,
      "Schreiner": 64.0236931765301
    },
    "ADT21": {
      "Britton ": 40.01144250207061,
      "Maity Stahl (2AP)": 8.400828346919829,
      "Maity Stahl (4AP)": 2.827978565995938,
      "Golden Stahl": 65.40673948183397,
      "DeLuca": 37.60660653512649,
      "Newkome": 20.19175857296821,
      "Li Xu": 2.370507924488889,
      "Schreiner": 41.688977425055874
    },
    "ADT22": {
      "Britton ": 100.0,
      "Maity Stahl (2AP)": 92.38883002216097,
      "Maity Stahl (4AP)": 77.26013791239195,
      "Golden Stahl": 77.23052708615737,